GPST,latitude(deg),longitude(deg),height(m),Q,ns,sdn(m),sde(m),sdu(m),sdne(m),sdeu(m),sdun(m),age(s),ratio
2019/02/28 13:03:16.000, -25.929392083, -65.878133118, 1691.4933,  2,  6,  0.4894,  0.4527,  1.3187, -0.1698, -0.1257, -0.2275,-14.00,   1.2
2019/02/28 13:03:17.000, -25.929392085, -65.878133138, 1691.4827,  2,  6,  0.3479,  0.3214,  0.9367, -0.1204, -0.0876, -0.1613,-13.00,   1.2
2019/02/28 13:03:18.000, -25.929392162, -65.878133147, 1691.4607,  2,  6,  0.2845,  0.2629,  0.7661, -0.0984, -0.0711, -0.1318,-12.00,   1.2
2019/02/28 13:03:19.000, -25.929392338, -65.878133189, 1691.4122,  2,  6,  0.2466,  0.2278,  0.6641, -0.0853, -0.0613, -0.1142,-11.00,   1.3
2019/02/28 13:03:20.000, -25.929392391, -65.878133222, 1691.3916,  2,  6,  0.2207,  0.2039,  0.5943, -0.0763, -0.0547, -0.1021,-10.00,   1.3
2019/02/28 13:03:21.000, -25.929392403, -65.878133232, 1691.3893,  2,  6,  0.2016,  0.1861,  0.5427, -0.0697, -0.0498, -0.0931, -9.00,   1.3
2019/02/28 13:03:22.000, -25.929392392, -65.878133225, 1691.3922,  2,  6,  0.1866,  0.1724,  0.5026, -0.0645, -0.0459, -0.0861, -8.00,   1.3
2019/02/28 13:03:23.000, -25.929392425, -65.878133196, 1691.3775,  2,  6,  0.1746,  0.1612,  0.4702, -0.0604, -0.0429, -0.0804, -7.00,   1.2
2019/02/28 13:03:24.000, -25.929392428, -65.878133182, 1691.3798,  2,  6,  0.1646,  0.1520,  0.4432, -0.0569, -0.0403, -0.0756, -6.00,   1.2
2019/02/28 13:03:25.000, -25.929392434, -65.878133174, 1691.3702,  2,  6,  0.1561,  0.1442,  0.4204, -0.0540, -0.0382, -0.0715, -5.00,   1.1
2019/02/28 13:03:26.000, -25.929392442, -65.878133184, 1691.3679,  2,  6,  0.1488,  0.1375,  0.4008, -0.0515, -0.0363, -0.0680, -4.00,   1.1
2019/02/28 13:03:27.000, -25.929392393, -65.878133203, 1691.3703,  2,  6,  0.1425,  0.1316,  0.3836, -0.0493, -0.0347, -0.0648, -3.00,   1.0
2019/02/28 13:03:28.000, -25.929392368, -65.878133166, 1691.3706,  2,  6,  0.1368,  0.1265,  0.3684, -0.0473, -0.0334, -0.0620, -2.00,   1.0
2019/02/28 13:03:29.000, -25.929392321, -65.878133167, 1691.3732,  2,  6,  0.1318,  0.1219,  0.3549, -0.0456, -0.0321, -0.0594, -1.00,   1.0
2019/02/28 13:03:30.000, -25.929392293, -65.878133176, 1691.3675,  2,  6,  0.1273,  0.1177,  0.3427, -0.0440, -0.0311, -0.0571,  0.00,   1.0
2019/02/28 13:04:17.000, -25.929391910, -65.878133098, 1691.4063,  2,  6,  0.1329,  0.1142,  0.3551, -0.0380, -0.0218, -0.0541,-13.00,   1.0
2019/02/28 13:04:18.000, -25.929392208, -65.878133273, 1691.4030,  2,  6,  0.1231,  0.1284,  0.3471, -0.0562, -0.0394, -0.0628,-12.00,   1.0
2019/02/28 13:04:19.000, -25.929392478, -65.878133422, 1691.4117,  2,  6,  0.1226,  0.1150,  0.3391, -0.0436, -0.0375, -0.0557,-11.00,   1.0
2019/02/28 13:04:20.000, -25.929392719, -65.878133584, 1691.4151,  2,  6,  0.1199,  0.1127,  0.3324, -0.0428, -0.0377, -0.0544,-10.00,   1.0
2019/02/28 13:04:21.000, -25.929392939, -65.878133725, 1691.4212,  2,  6,  0.1175,  0.1106,  0.3263, -0.0421, -0.0378, -0.0532, -9.00,   1.0
2019/02/28 13:04:22.000, -25.929393154, -65.878133831, 1691.4202,  2,  6,  0.1153,  0.1088,  0.3209, -0.0414, -0.0380, -0.0522, -8.00,   1.0
2019/02/28 13:04:23.000, -25.929393363, -65.878133939, 1691.4197,  2,  6,  0.1133,  0.1071,  0.3160, -0.0408, -0.0382, -0.0512, -7.00,   1.0
2019/02/28 13:04:24.000, -25.929393554, -65.878134063, 1691.4322,  2,  6,  0.1115,  0.1056,  0.3116, -0.0403, -0.0384, -0.0505, -6.00,   1.0
2019/02/28 13:04:25.000, -25.929393702, -65.878134164, 1691.4310,  2,  6,  0.1099,  0.1042,  0.3076, -0.0398, -0.0387, -0.0498, -5.00,   1.0
2019/02/28 13:04:26.000, -25.929393911, -65.878134260, 1691.4394,  2,  6,  0.1084,  0.1030,  0.3041, -0.0394, -0.0389, -0.0491, -4.00,   1.0
2019/02/28 13:04:27.000, -25.929393964, -65.878134320, 1691.4335,  2,  6,  0.1070,  0.1019,  0.3009, -0.0390, -0.0392, -0.0486, -3.00,   1.0
2019/02/28 13:04:28.000, -25.929394136, -65.878134408, 1691.4369,  2,  6,  0.1058,  0.1009,  0.2980, -0.0387, -0.0395, -0.0481, -2.00,   1.0
2019/02/28 13:04:29.000, -25.929394287, -65.878134476, 1691.4317,  2,  6,  0.1046,  0.1000,  0.2955, -0.0384, -0.0398, -0.0477, -1.00,   1.0
2019/02/28 13:04:30.000, -25.929393694, -65.878134688, 1691.1583,  2,  6,  0.0888,  0.0848,  0.2351, -0.0300, -0.0279,  0.0163,  0.00,   1.0
2019/02/28 13:04:31.000, -25.929393860, -65.878134775, 1691.1780,  2,  6,  0.0906,  0.0870,  0.2444, -0.0312, -0.0323, -0.0047,-29.00,   1.0
2019/02/28 13:04:32.000, -25.929393968, -65.878134837, 1691.1839,  2,  6,  0.0890,  0.0854,  0.2401, -0.0306, -0.0315, -0.0047,-28.00,   1.0
2019/02/28 13:04:33.000, -25.929394078, -65.878134904, 1691.1980,  2,  6,  0.0875,  0.0840,  0.2359, -0.0301, -0.0308, -0.0043,-27.00,   1.0
2019/02/28 13:04:34.000, -25.929394189, -65.878134961, 1691.2074,  2,  6,  0.0860,  0.0825,  0.2319, -0.0296, -0.0301, -0.0031,-26.00,   1.0
2019/02/28 13:04:35.000, -25.929394270, -65.878135006, 1691.2177,  2,  6,  0.0846,  0.0812,  0.2280, -0.0291, -0.0295,  0.0016,-25.00,   1.0
2019/02/28 13:04:36.000, -25.929394359, -65.878135072, 1691.2245,  2,  6,  0.0833,  0.0799,  0.2242, -0.0286, -0.0289,  0.0043,-24.00,   1.0
2019/02/28 13:04:37.000, -25.929394443, -65.878135114, 1691.2323,  2,  6,  0.0820,  0.0786,  0.2205, -0.0281, -0.0283,  0.0062,-23.00,   1.0
2019/02/28 13:04:38.000, -25.929394499, -65.878135174, 1691.2421,  2,  6,  0.0807,  0.0774,  0.2169, -0.0277, -0.0277,  0.0078,-22.00,   1.0
2019/02/28 13:04:39.000, -25.929394537, -65.878135240, 1691.2529,  2,  6,  0.0795,  0.0762,  0.2133, -0.0272, -0.0272,  0.0093,-21.00,   1.0
2019/02/28 13:04:40.000, -25.929394563, -65.878135299, 1691.2554,  2,  6,  0.0783,  0.0751,  0.2099, -0.0268, -0.0267,  0.0108,-20.00,   1.0
2019/02/28 13:04:41.000, -25.929394588, -65.878135362, 1691.2562,  2,  6,  0.0771,  0.0740,  0.2065, -0.0263, -0.0263,  0.0122,-19.00,   1.0
2019/02/28 13:04:42.000, -25.929394594, -65.878135416, 1691.2515,  2,  6,  0.0760,  0.0729,  0.2032, -0.0259, -0.0258,  0.0136,-18.00,   1.0
2019/02/28 13:04:43.000, -25.929394594, -65.878135462, 1691.2488,  2,  6,  0.0749,  0.0719,  0.2000, -0.0255, -0.0255,  0.0150,-17.00,   1.0
2019/02/28 13:04:44.000, -25.929394577, -65.878135507, 1691.2371,  2,  6,  0.0738,  0.0709,  0.1968, -0.0251, -0.0251,  0.0164,-16.00,   1.0
2019/02/28 13:04:45.000, -25.929394547, -65.878135559, 1691.2296,  2,  6,  0.0728,  0.0700,  0.1936, -0.0247, -0.0248,  0.0178,-15.00,   1.0
2019/02/28 13:04:46.000, -25.929394537, -65.878135604, 1691.2231,  2,  6,  0.0720,  0.0694,  0.1918, -0.0244, -0.0249,  0.0183,-14.00,   1.0
2019/02/28 13:04:47.000, -25.929394521, -65.878135626, 1691.2200,  2,  6,  0.0714,  0.0688,  0.1902, -0.0242, -0.0250,  0.0186,-13.00,   1.0
2019/02/28 13:04:48.000, -25.929394506, -65.878135681, 1691.2147,  2,  6,  0.0708,  0.0683,  0.1888, -0.0241, -0.0251,  0.0188,-12.00,   1.0
2019/02/28 13:04:49.000, -25.929394513, -65.878135708, 1691.2168,  2,  6,  0.0702,  0.0678,  0.1875, -0.0239, -0.0252,  0.0187,-11.00,   1.0
2019/02/28 13:04:50.000, -25.929394485, -65.878135742, 1691.2146,  2,  6,  0.0697,  0.0674,  0.1863, -0.0238, -0.0252,  0.0186,-10.00,   1.0
2019/02/28 13:04:51.000, -25.929394462, -65.878135767, 1691.2197,  2,  6,  0.0692,  0.0670,  0.1853, -0.0236, -0.0253,  0.0183, -9.00,   1.0
2019/02/28 13:04:52.000, -25.929394472, -65.878135788, 1691.2219,  2,  6,  0.0688,  0.0666,  0.1845, -0.0236, -0.0254,  0.0180, -8.00,   1.0
2019/02/28 13:04:53.000, -25.929394462, -65.878135817, 1691.2284,  2,  6,  0.0684,  0.0663,  0.1837, -0.0235, -0.0255,  0.0176, -7.00,   1.1
2019/02/28 13:04:54.000, -25.929394449, -65.878135829, 1691.2329,  2,  6,  0.0680,  0.0660,  0.1831, -0.0234, -0.0257,  0.0171, -6.00,   1.1
2019/02/28 13:04:55.000, -25.929394442, -65.878135848, 1691.2353,  2,  6,  0.0677,  0.0657,  0.1826, -0.0234, -0.0258,  0.0166, -5.00,   1.1
2019/02/28 13:04:56.000, -25.929394435, -65.878135855, 1691.2391,  2,  6,  0.0674,  0.0655,  0.1822, -0.0233, -0.0260,  0.0160, -4.00,   1.1
2019/02/28 13:04:57.000, -25.929394413, -65.878135872, 1691.2479,  2,  6,  0.0671,  0.0653,  0.1819, -0.0233, -0.0261,  0.0154, -3.00,   1.1
2019/02/28 13:04:58.000, -25.929394410, -65.878135880, 1691.2508,  2,  6,  0.0669,  0.0651,  0.1817, -0.0233, -0.0263,  0.0147, -2.00,   1.0
2019/02/28 13:04:59.000, -25.929394391, -65.878135881, 1691.2645,  2,  6,  0.0667,  0.0650,  0.1815, -0.0233, -0.0265,  0.0139, -1.00,   1.0
2019/02/28 13:05:00.000, -25.929394071, -65.878135960, 1691.1239,  2,  6,  0.0607,  0.0593,  0.1577, -0.0200, -0.0221,  0.0281,  0.00,   1.0
2019/02/28 13:05:01.000, -25.929394065, -65.878135983, 1691.1492,  2,  6,  0.0649,  0.0640,  0.1754, -0.0224, -0.0277,  0.0231,-29.00,   1.1
2019/02/28 13:05:02.000, -25.929394084, -65.878135989, 1691.1628,  2,  6,  0.0642,  0.0632,  0.1732, -0.0221, -0.0272,  0.0229,-28.00,   1.1
2019/02/28 13:05:03.000, -25.929394091, -65.878136009, 1691.1748,  2,  6,  0.0634,  0.0624,  0.1710, -0.0218, -0.0267,  0.0229,-27.00,   1.1
2019/02/28 13:05:04.000, -25.929394084, -65.878136024, 1691.1748,  2,  6,  0.0627,  0.0617,  0.1689, -0.0215, -0.0261,  0.0228,-26.00,   1.1
2019/02/28 13:05:05.000, -25.929394094, -65.878136038, 1691.1789,  2,  6,  0.0620,  0.0609,  0.1668, -0.0212, -0.0256,  0.0228,-25.00,   1.1
2019/02/28 13:05:06.000, -25.929394078, -65.878136056, 1691.1784,  2,  6,  0.0613,  0.0602,  0.1647, -0.0209, -0.0251,  0.0228,-24.00,   1.1
2019/02/28 13:05:07.000, -25.929394072, -65.878136092, 1691.1760,  2,  6,  0.0606,  0.0595,  0.1626, -0.0207, -0.0247,  0.0228,-23.00,   1.1
2019/02/28 13:05:08.000, -25.929394044, -65.878136073, 1691.1761,  2,  6,  0.0600,  0.0589,  0.1606, -0.0204, -0.0242,  0.0229,-22.00,   1.1
2019/02/28 13:05:09.000, -25.929394056, -65.878136121, 1691.1706,  2,  6,  0.0593,  0.0582,  0.1586, -0.0201, -0.0238,  0.0230,-21.00,   1.1
2019/02/28 13:05:10.000, -25.929394043, -65.878136123, 1691.1630,  2,  6,  0.0587,  0.0575,  0.1566, -0.0199, -0.0233,  0.0231,-20.00,   1.1
2019/02/28 13:05:11.000, -25.929394026, -65.878136144, 1691.1501,  2,  6,  0.0580,  0.0569,  0.1546, -0.0196, -0.0229,  0.0233,-19.00,   1.1
2019/02/28 13:05:12.000, -25.929394014, -65.878136175, 1691.1401,  2,  6,  0.0574,  0.0563,  0.1527, -0.0194, -0.0226,  0.0235,-18.00,   1.1
2019/02/28 13:05:13.000, -25.929393997, -65.878136187, 1691.1243,  2,  6,  0.0568,  0.0557,  0.1508, -0.0191, -0.0222,  0.0237,-17.00,   1.1
2019/02/28 13:05:14.000, -25.929393994, -65.878136219, 1691.1102,  2,  6,  0.0562,  0.0551,  0.1489, -0.0189, -0.0219,  0.0240,-16.00,   1.1
2019/02/28 13:05:15.000, -25.929393986, -65.878136217, 1691.0907,  2,  6,  0.0556,  0.0545,  0.1470, -0.0186, -0.0216,  0.0243,-15.00,   1.1
2019/02/28 13:05:16.000, -25.929393971, -65.878136241, 1691.0739,  2,  6,  0.0554,  0.0544,  0.1468, -0.0186, -0.0217,  0.0242,-14.00,   1.1
2019/02/28 13:05:17.000, -25.929393972, -65.878136270, 1691.0564,  2,  6,  0.0553,  0.0543,  0.1466, -0.0186, -0.0219,  0.0241,-13.00,   1.1
2019/02/28 13:05:18.000, -25.929393972, -65.878136288, 1691.0392,  2,  6,  0.0551,  0.0542,  0.1465, -0.0186, -0.0221,  0.0239,-12.00,   1.1
2019/02/28 13:05:19.000, -25.929393983, -65.878136298, 1691.0216,  2,  6,  0.0550,  0.0542,  0.1466, -0.0186, -0.0222,  0.0236,-11.00,   1.1
2019/02/28 13:05:20.000, -25.929393994, -65.878136317, 1691.0070,  2,  6,  0.0549,  0.0541,  0.1467, -0.0186, -0.0224,  0.0233,-10.00,   1.1
2019/02/28 13:05:21.000, -25.929394001, -65.878136335, 1690.9996,  2,  6,  0.0549,  0.0541,  0.1469, -0.0186, -0.0226,  0.0230, -9.00,   1.1
2019/02/28 13:05:22.000, -25.929393998, -65.878136366, 1690.9841,  2,  6,  0.0548,  0.0541,  0.1472, -0.0187, -0.0229,  0.0226, -8.00,   1.1
2019/02/28 13:05:23.000, -25.929394011, -65.878136382, 1690.9701,  2,  6,  0.0548,  0.0541,  0.1476, -0.0188, -0.0231,  0.0223, -7.00,   1.1
2019/02/28 13:05:24.000, -25.929394019, -65.878136400, 1690.9533,  2,  6,  0.0548,  0.0542,  0.1481, -0.0188, -0.0233,  0.0218, -6.00,   1.1
2019/02/28 13:05:25.000, -25.929394040, -65.878136438, 1690.9378,  2,  6,  0.0549,  0.0543,  0.1486, -0.0189, -0.0236,  0.0214, -5.00,   1.1
2019/02/28 13:05:26.000, -25.929394066, -65.878136449, 1690.9185,  2,  6,  0.0549,  0.0543,  0.1492, -0.0190, -0.0238,  0.0209, -4.00,   1.1
2019/02/28 13:05:27.000, -25.929394080, -65.878136472, 1690.9035,  2,  6,  0.0550,  0.0545,  0.1499, -0.0191, -0.0241,  0.0204, -3.00,   1.1
2019/02/28 13:05:28.000, -25.929394090, -65.878136494, 1690.8869,  2,  6,  0.0551,  0.0546,  0.1506, -0.0192, -0.0244,  0.0199, -2.00,   1.1
2019/02/28 13:05:29.000, -25.929394125, -65.878136513, 1690.8764,  2,  6,  0.0552,  0.0547,  0.1514, -0.0193, -0.0247,  0.0193, -1.00,   1.1
2019/02/28 13:05:30.000, -25.929393878, -65.878136577, 1690.7435,  2,  6,  0.0487,  0.0482,  0.1254, -0.0158, -0.0189,  0.0279,  0.00,   1.1
2019/02/28 13:05:31.000, -25.929393913, -65.878136617, 1690.7408,  2,  6,  0.0542,  0.0542,  0.1480, -0.0188, -0.0253,  0.0231,-29.00,   1.1
2019/02/28 13:05:32.000, -25.929393939, -65.878136639, 1690.7248,  2,  6,  0.0536,  0.0536,  0.1461, -0.0185, -0.0248,  0.0232,-28.00,   1.1
2019/02/28 13:05:33.000, -25.929393977, -65.878136640, 1690.7161,  2,  6,  0.0530,  0.0530,  0.1442, -0.0183, -0.0243,  0.0232,-27.00,   1.1
2019/02/28 13:05:34.000, -25.929393987, -65.878136645, 1690.7070,  2,  6,  0.0525,  0.0524,  0.1423, -0.0180, -0.0239,  0.0233,-26.00,   1.1
2019/02/28 13:05:35.000, -25.929393997, -65.878136634, 1690.6962,  2,  6,  0.0519,  0.0518,  0.1405, -0.0178, -0.0234,  0.0234,-25.00,   1.1
2019/02/28 13:05:36.000, -25.929394019, -65.878136653, 1690.6787,  2,  6,  0.0514,  0.0512,  0.1387, -0.0175, -0.0230,  0.0235,-24.00,   1.1
2019/02/28 13:05:37.000, -25.929394009, -65.878136640, 1690.6676,  2,  6,  0.0508,  0.0506,  0.1369, -0.0173, -0.0225,  0.0236,-23.00,   1.1
2019/02/28 13:05:38.000, -25.929394018, -65.878136662, 1690.6603,  2,  6,  0.0503,  0.0500,  0.1351, -0.0171, -0.0221,  0.0237,-22.00,   1.1
2019/02/28 13:05:39.000, -25.929394035, -65.878136664, 1690.6429,  2,  6,  0.0498,  0.0495,  0.1334, -0.0168, -0.0217,  0.0238,-21.00,   1.1
2019/02/28 13:05:40.000, -25.929394004, -65.878136653, 1690.6251,  2,  6,  0.0492,  0.0490,  0.1317, -0.0166, -0.0213,  0.0239,-20.00,   1.1
2019/02/28 13:05:41.000, -25.929393991, -65.878136645, 1690.6094,  2,  6,  0.0487,  0.0484,  0.1300, -0.0164, -0.0209,  0.0241,-19.00,   1.1
2019/02/28 13:05:42.000, -25.929393989, -65.878136628, 1690.6001,  2,  6,  0.0482,  0.0479,  0.1283, -0.0162, -0.0205,  0.0242,-18.00,   1.1
2019/02/28 13:05:43.000, -25.929393979, -65.878136624, 1690.5878,  2,  6,  0.0478,  0.0474,  0.1267, -0.0159, -0.0202,  0.0244,-17.00,   1.1
2019/02/28 13:05:44.000, -25.929393948, -65.878136623, 1690.5678,  2,  6,  0.0473,  0.0470,  0.1251, -0.0157, -0.0199,  0.0246,-16.00,   1.1
2019/02/28 13:05:45.000, -25.929393912, -65.878136614, 1690.5562,  2,  6,  0.0468,  0.0465,  0.1235, -0.0155, -0.0196,  0.0248,-15.00,   1.1
2019/02/28 13:05:46.000, -25.929393915, -65.878136599, 1690.5449,  2,  6,  0.0468,  0.0465,  0.1238, -0.0155, -0.0198,  0.0247,-14.00,   1.1
2019/02/28 13:05:47.000, -25.929393893, -65.878136589, 1690.5331,  2,  6,  0.0468,  0.0466,  0.1242, -0.0156, -0.0200,  0.0245,-13.00,   1.1
2019/02/28 13:05:48.000, -25.929393841, -65.878136576, 1690.5217,  2,  6,  0.0469,  0.0467,  0.1247, -0.0157, -0.0202,  0.0243,-12.00,   1.1
2019/02/28 13:05:49.000, -25.929393839, -65.878136551, 1690.5193,  2,  6,  0.0470,  0.0468,  0.1253, -0.0158, -0.0205,  0.0241,-11.00,   1.1
2019/02/28 13:05:50.000, -25.929393808, -65.878136535, 1690.5179,  2,  6,  0.0471,  0.0469,  0.1260, -0.0159, -0.0207,  0.0238,-10.00,   1.1
2019/02/28 13:05:51.000, -25.929393797, -65.878136512, 1690.5145,  2,  6,  0.0472,  0.0471,  0.1267, -0.0160, -0.0210,  0.0235, -9.00,   1.1
2019/02/28 13:05:52.000, -25.929393754, -65.878136488, 1690.5143,  2,  6,  0.0473,  0.0473,  0.1275, -0.0161, -0.0212,  0.0232, -8.00,   1.1
2019/02/28 13:05:53.000, -25.929393755, -65.878136450, 1690.5130,  2,  6,  0.0475,  0.0474,  0.1284, -0.0162, -0.0215,  0.0228, -7.00,   1.1
2019/02/28 13:05:54.000, -25.929393711, -65.878136425, 1690.5088,  2,  6,  0.0476,  0.0477,  0.1294, -0.0163, -0.0218,  0.0224, -6.00,   1.1
2019/02/28 13:05:55.000, -25.929393651, -65.878136420, 1690.5063,  2,  6,  0.0478,  0.0479,  0.1304, -0.0165, -0.0221,  0.0221, -5.00,   1.1
2019/02/28 13:05:56.000, -25.929393612, -65.878136384, 1690.5005,  2,  6,  0.0480,  0.0481,  0.1314, -0.0166, -0.0224,  0.0216, -4.00,   1.1
2019/02/28 13:05:57.000, -25.929393589, -65.878136354, 1690.5058,  2,  6,  0.0482,  0.0484,  0.1326, -0.0168, -0.0227,  0.0212, -3.00,   1.1
2019/02/28 13:05:58.000, -25.929393582, -65.878136328, 1690.5063,  2,  6,  0.0485,  0.0487,  0.1338, -0.0170, -0.0231,  0.0207, -2.00,   1.1
2019/02/28 13:05:59.000, -25.929393535, -65.878136305, 1690.5076,  2,  6,  0.0487,  0.0489,  0.1350, -0.0171, -0.0234,  0.0202, -1.00,   1.1
2019/02/28 13:06:00.000, -25.929393329, -65.878136320, 1690.4302,  2,  6,  0.0417,  0.0417,  0.1062, -0.0132, -0.0170,  0.0273,  0.00,   1.1
2019/02/28 13:06:01.000, -25.929393300, -65.878136268, 1690.4452,  2,  6,  0.0481,  0.0486,  0.1327, -0.0168, -0.0238,  0.0226,-29.00,   1.1
2019/02/28 13:06:02.000, -25.929393273, -65.878136239, 1690.4473,  2,  6,  0.0476,  0.0480,  0.1308, -0.0165, -0.0234,  0.0227,-28.00,   1.1
2019/02/28 13:06:03.000, -25.929393242, -65.878136210, 1690.4450,  2,  6,  0.0470,  0.0474,  0.1289, -0.0163, -0.0229,  0.0229,-27.00,   1.1
2019/02/28 13:06:04.000, -25.929393228, -65.878136171, 1690.4493,  2,  6,  0.0465,  0.0469,  0.1271, -0.0160, -0.0225,  0.0230,-26.00,   1.1
2019/02/28 13:06:05.000, -25.929393180, -65.878136143, 1690.4484,  2,  6,  0.0459,  0.0463,  0.1252, -0.0158, -0.0220,  0.0231,-25.00,   1.1
2019/02/28 13:06:06.000, -25.929393164, -65.878136090, 1690.4523,  2,  6,  0.0454,  0.0457,  0.1234, -0.0155, -0.0216,  0.0233,-24.00,   1.1
2019/02/28 13:06:07.000, -25.929393126, -65.878136072, 1690.4526,  2,  6,  0.0449,  0.0452,  0.1217, -0.0153, -0.0212,  0.0234,-23.00,   1.1
2019/02/28 13:06:08.000, -25.929393079, -65.878136043, 1690.4518,  2,  6,  0.0444,  0.0447,  0.1199, -0.0150, -0.0207,  0.0236,-22.00,   1.1
2019/02/28 13:06:09.000, -25.929393064, -65.878136011, 1690.4506,  2,  6,  0.0439,  0.0442,  0.1182, -0.0148, -0.0203,  0.0237,-21.00,   1.1
2019/02/28 13:06:10.000, -25.929393042, -65.878135989, 1690.4518,  2,  6,  0.0435,  0.0437,  0.1166, -0.0146, -0.0199,  0.0239,-20.00,   1.1
2019/02/28 13:06:11.000, -25.929392998, -65.878135967, 1690.4508,  2,  6,  0.0430,  0.0432,  0.1149, -0.0144, -0.0196,  0.0240,-19.00,   1.1
2019/02/28 13:06:12.000, -25.929392967, -65.878135939, 1690.4470,  2,  6,  0.0425,  0.0427,  0.1133, -0.0142, -0.0192,  0.0242,-18.00,   1.1
2019/02/28 13:06:13.000, -25.929392958, -65.878135900, 1690.4554,  2,  6,  0.0421,  0.0423,  0.1117, -0.0139, -0.0189,  0.0244,-17.00,   1.1
2019/02/28 13:06:14.000, -25.929392927, -65.878135876, 1690.4505,  2,  6,  0.0417,  0.0418,  0.1102, -0.0137, -0.0185,  0.0245,-16.00,   1.1
2019/02/28 13:06:15.000, -25.929392900, -65.878135853, 1690.4433,  2,  6,  0.0412,  0.0414,  0.1087, -0.0135, -0.0182,  0.0247,-15.00,   1.1
2019/02/28 13:06:16.000, -25.929392865, -65.878135791, 1690.4424,  2,  6,  0.0414,  0.0415,  0.1093, -0.0136, -0.0185,  0.0246,-14.00,   1.1
2019/02/28 13:06:17.000, -25.929392840, -65.878135777, 1690.4391,  2,  6,  0.0415,  0.0417,  0.1101, -0.0137, -0.0187,  0.0244,-13.00,   1.1
2019/02/28 13:06:18.000, -25.929392823, -65.878135736, 1690.4370,  2,  6,  0.0416,  0.0419,  0.1109, -0.0138, -0.0190,  0.0242,-12.00,   1.1
2019/02/28 13:06:19.000, -25.929392816, -65.878135687, 1690.4391,  2,  6,  0.0418,  0.0421,  0.1118, -0.0140, -0.0193,  0.0239,-11.00,   1.1
2019/02/28 13:06:20.000, -25.929392806, -65.878135647, 1690.4386,  2,  6,  0.0420,  0.0423,  0.1128, -0.0141, -0.0196,  0.0237,-10.00,   1.1
2019/02/28 13:06:21.000, -25.929392792, -65.878135615, 1690.4359,  2,  6,  0.0422,  0.0426,  0.1139, -0.0142, -0.0198,  0.0234, -9.00,   1.1
2019/02/28 13:06:22.000, -25.929392771, -65.878135577, 1690.4379,  2,  6,  0.0424,  0.0428,  0.1150, -0.0144, -0.0201,  0.0231, -8.00,   1.1
2019/02/28 13:06:23.000, -25.929392754, -65.878135549, 1690.4363,  2,  6,  0.0427,  0.0431,  0.1162, -0.0146, -0.0205,  0.0228, -7.00,   1.1
2019/02/28 13:06:24.000, -25.929392754, -65.878135506, 1690.4350,  2,  6,  0.0430,  0.0434,  0.1174, -0.0147, -0.0208,  0.0224, -6.00,   1.1
2019/02/28 13:06:25.000, -25.929392747, -65.878135452, 1690.4367,  2,  6,  0.0432,  0.0437,  0.1188, -0.0149, -0.0211,  0.0221, -5.00,   1.1
2019/02/28 13:06:26.000, -25.929392732, -65.878135402, 1690.4426,  2,  6,  0.0435,  0.0441,  0.1201, -0.0151, -0.0214,  0.0217, -4.00,   1.1
2019/02/28 13:06:27.000, -25.929392747, -65.878135361, 1690.4428,  2,  6,  0.0439,  0.0444,  0.1215, -0.0153, -0.0218,  0.0213, -3.00,   1.1
2019/02/28 13:06:28.000, -25.929392752, -65.878135306, 1690.4400,  2,  6,  0.0442,  0.0448,  0.1230, -0.0155, -0.0221,  0.0208, -2.00,   1.1
2019/02/28 13:06:29.000, -25.929392746, -65.878135247, 1690.4465,  2,  6,  0.0445,  0.0451,  0.1245, -0.0157, -0.0225,  0.0204, -1.00,   1.1
2019/02/28 13:06:30.000, -25.929392568, -65.878135257, 1690.3597,  2,  6,  0.0368,  0.0372,  0.0930, -0.0115, -0.0157,  0.0267,  0.00,   1.1
2019/02/28 13:06:31.000, -25.929392579, -65.878135193, 1690.3772,  2,  6,  0.0441,  0.0449,  0.1229, -0.0154, -0.0228,  0.0220,-29.00,   1.1
2019/02/28 13:06:32.000, -25.929392590, -65.878135142, 1690.3751,  2,  6,  0.0435,  0.0443,  0.1209, -0.0152, -0.0224,  0.0222,-28.00,   1.1
2019/02/28 13:06:33.000, -25.929392598, -65.878135102, 1690.3774,  2,  6,  0.0430,  0.0437,  0.1190, -0.0149, -0.0219,  0.0224,-27.00,   1.1
2019/02/28 13:06:34.000, -25.929392588, -65.878135059, 1690.3744,  2,  6,  0.0425,  0.0432,  0.1171, -0.0147, -0.0215,  0.0226,-26.00,   1.1
2019/02/28 13:06:35.000, -25.929392583, -65.878135019, 1690.3800,  2,  6,  0.0419,  0.0426,  0.1152, -0.0144, -0.0210,  0.0227,-25.00,   1.1
2019/02/28 13:06:36.000, -25.929392576, -65.878134979, 1690.3812,  2,  6,  0.0414,  0.0421,  0.1134, -0.0142, -0.0206,  0.0229,-24.00,   1.1
2019/02/28 13:06:37.000, -25.929392573, -65.878134944, 1690.3821,  2,  6,  0.0409,  0.0416,  0.1115, -0.0139, -0.0202,  0.0231,-23.00,   1.1
2019/02/28 13:06:38.000, -25.929392567, -65.878134913, 1690.3791,  2,  6,  0.0404,  0.0410,  0.1098, -0.0137, -0.0198,  0.0233,-22.00,   1.1
2019/02/28 13:06:39.000, -25.929392540, -65.878134884, 1690.3810,  2,  6,  0.0400,  0.0405,  0.1080, -0.0134, -0.0194,  0.0234,-21.00,   1.1
2019/02/28 13:06:40.000, -25.929392536, -65.878134853, 1690.3786,  2,  6,  0.0395,  0.0400,  0.1063, -0.0132, -0.0190,  0.0236,-20.00,   1.1
2019/02/28 13:06:41.000, -25.929392511, -65.878134828, 1690.3825,  2,  6,  0.0390,  0.0396,  0.1046, -0.0130, -0.0186,  0.0238,-19.00,   1.1
2019/02/28 13:06:42.000, -25.929392493, -65.878134789, 1690.3851,  2,  6,  0.0386,  0.0391,  0.1030, -0.0127, -0.0183,  0.0239,-18.00,   1.1
2019/02/28 13:06:43.000, -25.929392489, -65.878134760, 1690.3843,  2,  6,  0.0382,  0.0387,  0.1014, -0.0125, -0.0179,  0.0241,-17.00,   1.1
2019/02/28 13:06:44.000, -25.929392489, -65.878134744, 1690.3866,  2,  6,  0.0377,  0.0382,  0.0998, -0.0123, -0.0176,  0.0243,-16.00,   1.1
2019/02/28 13:06:45.000, -25.929392467, -65.878134742, 1690.3882,  2,  6,  0.0373,  0.0378,  0.0983, -0.0121, -0.0173,  0.0245,-15.00,   1.1
2019/02/28 13:06:46.000, -25.929392466, -65.878134729, 1690.3878,  2,  6,  0.0375,  0.0380,  0.0992, -0.0122, -0.0176,  0.0243,-14.00,   1.1
2019/02/28 13:06:47.000, -25.929392452, -65.878134720, 1690.3883,  2,  6,  0.0377,  0.0383,  0.1002, -0.0124, -0.0178,  0.0241,-13.00,   1.1
2019/02/28 13:06:48.000, -25.929392431, -65.878134713, 1690.3852,  2,  6,  0.0379,  0.0385,  0.1013, -0.0125, -0.0181,  0.0239,-12.00,   1.1
2019/02/28 13:06:49.000, -25.929392426, -65.878134718, 1690.3839,  2,  6,  0.0382,  0.0388,  0.1024, -0.0127, -0.0184,  0.0237,-11.00,   1.1
2019/02/28 13:06:50.000, -25.929392408, -65.878134708, 1690.3859,  2,  6,  0.0384,  0.0391,  0.1036, -0.0128, -0.0187,  0.0234,-10.00,   1.1
2019/02/28 13:06:51.000, -25.929392398, -65.878134709, 1690.3879,  2,  6,  0.0387,  0.0394,  0.1049, -0.0130, -0.0190,  0.0231, -9.00,   1.1
2019/02/28 13:06:52.000, -25.929392380, -65.878134705, 1690.3854,  2,  6,  0.0390,  0.0397,  0.1063, -0.0132, -0.0193,  0.0229, -8.00,   1.1
2019/02/28 13:06:53.000, -25.929392359, -65.878134712, 1690.3906,  2,  6,  0.0393,  0.0400,  0.1077, -0.0134, -0.0197,  0.0225, -7.00,   1.1
2019/02/28 13:06:54.000, -25.929392338, -65.878134708, 1690.3857,  2,  6,  0.0397,  0.0404,  0.1092, -0.0136, -0.0200,  0.0222, -6.00,   1.1
2019/02/28 13:06:55.000, -25.929392305, -65.878134711, 1690.3826,  2,  6,  0.0400,  0.0408,  0.1107, -0.0138, -0.0203,  0.0218, -5.00,   1.1
2019/02/28 13:06:56.000, -25.929392299, -65.878134706, 1690.3869,  2,  6,  0.0404,  0.0412,  0.1123, -0.0140, -0.0207,  0.0215, -4.00,   1.1
2019/02/28 13:06:57.000, -25.929392295, -65.878134711, 1690.3875,  2,  6,  0.0407,  0.0416,  0.1139, -0.0142, -0.0211,  0.0211, -3.00,   1.1
2019/02/28 13:06:58.000, -25.929392264, -65.878134698, 1690.3882,  2,  6,  0.0411,  0.0420,  0.1156, -0.0145, -0.0214,  0.0207, -2.00,   1.1
2019/02/28 13:06:59.000, -25.929392242, -65.878134699, 1690.3896,  2,  6,  0.0415,  0.0424,  0.1173, -0.0147, -0.0218,  0.0202, -1.00,   1.1
2019/02/28 13:07:00.000, -25.929392103, -65.878134712, 1690.3188,  2,  6,  0.0333,  0.0339,  0.0832, -0.0101, -0.0148,  0.0262,  0.00,   1.1
2019/02/28 13:07:01.000, -25.929392089, -65.878134730, 1690.3348,  2,  6,  0.0412,  0.0422,  0.1160, -0.0145, -0.0220,  0.0214,-29.00,   1.1
2019/02/28 13:07:02.000, -25.929392083, -65.878134729, 1690.3375,  2,  6,  0.0406,  0.0417,  0.1140, -0.0142, -0.0216,  0.0217,-28.00,   1.1
2019/02/28 13:07:03.000, -25.929392077, -65.878134730, 1690.3353,  2,  6,  0.0401,  0.0411,  0.1120, -0.0139, -0.0211,  0.0219,-27.00,   1.1
2019/02/28 13:07:04.000, -25.929392061, -65.878134731, 1690.3316,  2,  6,  0.0396,  0.0405,  0.1100, -0.0137, -0.0207,  0.0221,-26.00,   1.1
2019/02/28 13:07:05.000, -25.929392064, -65.878134715, 1690.3290,  2,  6,  0.0390,  0.0399,  0.1081, -0.0134, -0.0203,  0.0223,-25.00,   1.1
2019/02/28 13:07:06.000, -25.929392055, -65.878134719, 1690.3343,  2,  6,  0.0385,  0.0394,  0.1062, -0.0132, -0.0199,  0.0225,-24.00,   1.1
2019/02/28 13:07:07.000, -25.929392044, -65.878134709, 1690.3328,  2,  6,  0.0380,  0.0389,  0.1043, -0.0129, -0.0194,  0.0227,-23.00,   1.1
2019/02/28 13:07:08.000, -25.929392056, -65.878134704, 1690.3274,  2,  6,  0.0375,  0.0383,  0.1024, -0.0126, -0.0190,  0.0229,-22.00,   1.1
2019/02/28 13:07:09.000, -25.929392030, -65.878134703, 1690.3262,  2,  6,  0.0370,  0.0378,  0.1006, -0.0124, -0.0186,  0.0231,-21.00,   1.1
2019/02/28 13:07:10.000, -25.929392031, -65.878134706, 1690.3259,  2,  6,  0.0366,  0.0373,  0.0989, -0.0122, -0.0183,  0.0233,-20.00,   1.1
2019/02/28 13:07:11.000, -25.929392017, -65.878134691, 1690.3175,  2,  6,  0.0361,  0.0369,  0.0971, -0.0119, -0.0179,  0.0234,-19.00,   1.1
2019/02/28 13:07:12.000, -25.929392003, -65.878134687, 1690.3119,  2,  6,  0.0357,  0.0364,  0.0954, -0.0117, -0.0175,  0.0236,-18.00,   1.1
2019/02/28 13:07:13.000, -25.929391999, -65.878134690, 1690.3033,  2,  6,  0.0352,  0.0360,  0.0938, -0.0115, -0.0172,  0.0238,-17.00,   1.1
2019/02/28 13:07:14.000, -25.929391992, -65.878134688, 1690.2948,  2,  6,  0.0348,  0.0355,  0.0922, -0.0113, -0.0169,  0.0240,-16.00,   1.1
2019/02/28 13:07:15.000, -25.929391967, -65.878134703, 1690.2880,  2,  6,  0.0344,  0.0351,  0.0906, -0.0110, -0.0166,  0.0241,-15.00,   1.1
2019/02/28 13:07:16.000, -25.929391966, -65.878134707, 1690.2791,  2,  6,  0.0346,  0.0354,  0.0917, -0.0112, -0.0168,  0.0240,-14.00,   1.1
2019/02/28 13:07:17.000, -25.929391946, -65.878134695, 1690.2728,  2,  6,  0.0349,  0.0357,  0.0929, -0.0113, -0.0171,  0.0238,-13.00,   1.1
2019/02/28 13:07:18.000, -25.929391930, -65.878134693, 1690.2670,  2,  6,  0.0352,  0.0359,  0.0941, -0.0115, -0.0174,  0.0236,-12.00,   1.1
2019/02/28 13:07:19.000, -25.929391914, -65.878134701, 1690.2634,  2,  6,  0.0354,  0.0363,  0.0954, -0.0117, -0.0177,  0.0233,-11.00,   1.1
2019/02/28 13:07:20.000, -25.929391920, -65.878134714, 1690.2613,  2,  6,  0.0358,  0.0366,  0.0969, -0.0119, -0.0180,  0.0231,-10.00,   1.1
2019/02/28 13:07:21.000, -25.929391915, -65.878134715, 1690.2549,  2,  6,  0.0361,  0.0370,  0.0983, -0.0121, -0.0183,  0.0228, -9.00,   1.2
2019/02/28 13:07:22.000, -25.929391910, -65.878134715, 1690.2523,  2,  6,  0.0364,  0.0373,  0.0999, -0.0123, -0.0187,  0.0225, -8.00,   1.2
2019/02/28 13:07:23.000, -25.929391913, -65.878134726, 1690.2468,  2,  6,  0.0368,  0.0377,  0.1015, -0.0125, -0.0190,  0.0222, -7.00,   1.2
2019/02/28 13:07:24.000, -25.929391920, -65.878134732, 1690.2395,  2,  6,  0.0372,  0.0381,  0.1031, -0.0127, -0.0194,  0.0219, -6.00,   1.2
2019/02/28 13:07:25.000, -25.929391898, -65.878134732, 1690.2400,  2,  6,  0.0376,  0.0385,  0.1048, -0.0130, -0.0197,  0.0215, -5.00,   1.2
2019/02/28 13:07:26.000, -25.929391915, -65.878134732, 1690.2363,  2,  6,  0.0380,  0.0390,  0.1066, -0.0132, -0.0201,  0.0212, -4.00,   1.2
2019/02/28 13:07:27.000, -25.929391913, -65.878134734, 1690.2298,  2,  6,  0.0384,  0.0394,  0.1084, -0.0134, -0.0204,  0.0208, -3.00,   1.2
2019/02/28 13:07:28.000, -25.929391925, -65.878134732, 1690.2263,  2,  6,  0.0389,  0.0399,  0.1102, -0.0137, -0.0208,  0.0204, -2.00,   1.2
2019/02/28 13:07:29.000, -25.929391950, -65.878134733, 1690.2252,  2,  6,  0.0393,  0.0404,  0.1121, -0.0139, -0.0212,  0.0199, -1.00,   1.2
2019/02/28 13:07:30.000, -25.929391819, -65.878134767, 1690.1519,  2,  6,  0.0305,  0.0314,  0.0756, -0.0091, -0.0140,  0.0257,  0.00,   1.1
2019/02/28 13:07:31.000, -25.929391837, -65.878134760, 1690.1606,  2,  6,  0.0390,  0.0402,  0.1111, -0.0138, -0.0214,  0.0208,-29.00,   1.1
2019/02/28 13:07:32.000, -25.929391829, -65.878134741, 1690.1573,  2,  6,  0.0385,  0.0396,  0.1090, -0.0135, -0.0209,  0.0211,-28.00,   1.1
2019/02/28 13:07:33.000, -25.929391837, -65.878134743, 1690.1536,  2,  6,  0.0379,  0.0390,  0.1069, -0.0132, -0.0205,  0.0214,-27.00,   1.1
2019/02/28 13:07:34.000, -25.929391857, -65.878134736, 1690.1537,  2,  6,  0.0374,  0.0385,  0.1048, -0.0129, -0.0201,  0.0216,-26.00,   1.2
2019/02/28 13:07:35.000, -25.929391854, -65.878134735, 1690.1526,  2,  6,  0.0368,  0.0379,  0.1028, -0.0127, -0.0196,  0.0218,-25.00,   1.2
2019/02/28 13:07:36.000, -25.929391868, -65.878134727, 1690.1476,  2,  6,  0.0363,  0.0373,  0.1008, -0.0124, -0.0192,  0.0221,-24.00,   1.2
2019/02/28 13:07:37.000, -25.929391884, -65.878134724, 1690.1483,  2,  6,  0.0358,  0.0368,  0.0989, -0.0121, -0.0188,  0.0223,-23.00,   1.2
2019/02/28 13:07:38.000, -25.929391884, -65.878134711, 1690.1460,  2,  6,  0.0353,  0.0363,  0.0969, -0.0119, -0.0184,  0.0225,-22.00,   1.2
2019/02/28 13:07:39.000, -25.929391902, -65.878134710, 1690.1468,  2,  6,  0.0348,  0.0358,  0.0951, -0.0116, -0.0180,  0.0227,-21.00,   1.2
2019/02/28 13:07:40.000, -25.929391915, -65.878134712, 1690.1506,  2,  6,  0.0343,  0.0353,  0.0932, -0.0114, -0.0176,  0.0229,-20.00,   1.2
2019/02/28 13:07:41.000, -25.929391908, -65.878134709, 1690.1443,  2,  6,  0.0338,  0.0348,  0.0914, -0.0111, -0.0173,  0.0231,-19.00,   1.2
2019/02/28 13:07:42.000, -25.929391923, -65.878134706, 1690.1386,  2,  6,  0.0334,  0.0343,  0.0896, -0.0109, -0.0169,  0.0232,-18.00,   1.2
2019/02/28 13:07:43.000, -25.929391941, -65.878134703, 1690.1400,  2,  6,  0.0329,  0.0339,  0.0879, -0.0106, -0.0166,  0.0234,-17.00,   1.2
2019/02/28 13:07:44.000, -25.929391939, -65.878134690, 1690.1393,  2,  6,  0.0325,  0.0334,  0.0863, -0.0104, -0.0163,  0.0236,-16.00,   1.2
2019/02/28 13:07:45.000, -25.929391941, -65.878134682, 1690.1347,  2,  6,  0.0321,  0.0330,  0.0846, -0.0102, -0.0159,  0.0238,-15.00,   1.2
2019/02/28 13:07:46.000, -25.929391951, -65.878134699, 1690.1278,  2,  6,  0.0324,  0.0333,  0.0859, -0.0104, -0.0162,  0.0236,-14.00,   1.2
2019/02/28 13:07:47.000, -25.929391952, -65.878134689, 1690.1216,  2,  6,  0.0327,  0.0336,  0.0872, -0.0105, -0.0165,  0.0234,-13.00,   1.2
2019/02/28 13:07:48.000, -25.929391959, -65.878134703, 1690.1222,  2,  6,  0.0330,  0.0339,  0.0886, -0.0107, -0.0168,  0.0232,-12.00,   1.2
2019/02/28 13:07:49.000, -25.929391972, -65.878134689, 1690.1229,  2,  6,  0.0333,  0.0343,  0.0901, -0.0109, -0.0171,  0.0229,-11.00,   1.2
2019/02/28 13:07:50.000, -25.929391977, -65.878134683, 1690.1154,  2,  6,  0.0337,  0.0347,  0.0917, -0.0111, -0.0174,  0.0227,-10.00,   1.2
2019/02/28 13:07:51.000, -25.929391996, -65.878134672, 1690.1163,  2,  6,  0.0340,  0.0351,  0.0933, -0.0114, -0.0178,  0.0224, -9.00,   1.2
2019/02/28 13:07:52.000, -25.929391989, -65.878134696, 1690.1139,  2,  6,  0.0344,  0.0355,  0.0950, -0.0116, -0.0181,  0.0221, -8.00,   1.2
2019/02/28 13:07:53.000, -25.929391974, -65.878134710, 1690.1112,  2,  6,  0.0348,  0.0359,  0.0967, -0.0118, -0.0184,  0.0218, -7.00,   1.2
2019/02/28 13:07:54.000, -25.929391959, -65.878134725, 1690.1070,  2,  6,  0.0353,  0.0363,  0.0985, -0.0121, -0.0188,  0.0215, -6.00,   1.2
2019/02/28 13:07:55.000, -25.929391945, -65.878134751, 1690.1064,  2,  6,  0.0357,  0.0368,  0.1004, -0.0123, -0.0192,  0.0212, -5.00,   1.2
2019/02/28 13:07:56.000, -25.929391930, -65.878134782, 1690.1034,  2,  6,  0.0362,  0.0373,  0.1023, -0.0126, -0.0195,  0.0208, -4.00,   1.2
2019/02/28 13:07:57.000, -25.929391917, -65.878134794, 1690.1042,  2,  6,  0.0366,  0.0377,  0.1042, -0.0128, -0.0199,  0.0204, -3.00,   1.2
2019/02/28 13:07:58.000, -25.929391910, -65.878134815, 1690.0987,  2,  6,  0.0371,  0.0382,  0.1062, -0.0131, -0.0203,  0.0200, -2.00,   1.2
2019/02/28 13:07:59.000, -25.929391896, -65.878134838, 1690.0944,  2,  6,  0.0376,  0.0388,  0.1082, -0.0133, -0.0207,  0.0196, -1.00,   1.2
2019/02/28 13:08:00.000, -25.929391817, -65.878134866, 1690.0461,  2,  6,  0.0283,  0.0293,  0.0694, -0.0082, -0.0134,  0.0252,  0.00,   1.2
2019/02/28 13:08:01.000, -25.929391809, -65.878134882, 1690.0552,  2,  6,  0.0374,  0.0386,  0.1074, -0.0132, -0.0208,  0.0203,-29.00,   1.2
2019/02/28 13:08:02.000, -25.929391808, -65.878134908, 1690.0557,  2,  6,  0.0368,  0.0380,  0.1052, -0.0129, -0.0204,  0.0206,-28.00,   1.2
2019/02/28 13:08:03.000, -25.929391801, -65.878134902, 1690.0554,  2,  6,  0.0362,  0.0374,  0.1030, -0.0126, -0.0199,  0.0208,-27.00,   1.2
2019/02/28 13:08:04.000, -25.929391806, -65.878134909, 1690.0491,  2,  6,  0.0357,  0.0369,  0.1009, -0.0123, -0.0195,  0.0211,-26.00,   1.2
2019/02/28 13:08:05.000, -25.929391794, -65.878134900, 1690.0430,  2,  6,  0.0351,  0.0363,  0.0988, -0.0121, -0.0191,  0.0214,-25.00,   1.2
2019/02/28 13:08:06.000, -25.929391794, -65.878134917, 1690.0424,  2,  6,  0.0346,  0.0357,  0.0967, -0.0118, -0.0187,  0.0216,-24.00,   1.2
2019/02/28 13:08:07.000, -25.929391784, -65.878134920, 1690.0469,  2,  6,  0.0340,  0.0352,  0.0947, -0.0115, -0.0183,  0.0218,-23.00,   1.2
2019/02/28 13:08:08.000, -25.929391795, -65.878134923, 1690.0356,  2,  6,  0.0335,  0.0346,  0.0927, -0.0112, -0.0179,  0.0220,-22.00,   1.2
2019/02/28 13:08:09.000, -25.929391778, -65.878134920, 1690.0333,  2,  6,  0.0330,  0.0341,  0.0908, -0.0110, -0.0175,  0.0223,-21.00,   1.2
2019/02/28 13:08:10.000, -25.929391776, -65.878134923, 1690.0275,  2,  6,  0.0325,  0.0336,  0.0888, -0.0107, -0.0171,  0.0225,-20.00,   1.2
2019/02/28 13:08:11.000, -25.929391767, -65.878134918, 1690.0248,  2,  6,  0.0320,  0.0331,  0.0870, -0.0105, -0.0167,  0.0226,-19.00,   1.2
2019/02/28 13:08:12.000, -25.929391782, -65.878134911, 1690.0154,  2,  6,  0.0316,  0.0326,  0.0851, -0.0102, -0.0164,  0.0228,-18.00,   1.2
2019/02/28 13:08:13.000, -25.929391785, -65.878134913, 1690.0143,  2,  6,  0.0311,  0.0322,  0.0833, -0.0100, -0.0160,  0.0230,-17.00,   1.2
2019/02/28 13:08:14.000, -25.929391768, -65.878134930, 1690.0070,  2,  6,  0.0307,  0.0317,  0.0816, -0.0097, -0.0157,  0.0232,-16.00,   1.2
2019/02/28 13:08:15.000, -25.929391779, -65.878134912, 1689.9994,  2,  6,  0.0303,  0.0313,  0.0799, -0.0095, -0.0154,  0.0234,-15.00,   1.2
2019/02/28 13:08:16.000, -25.929391768, -65.878134908, 1689.9962,  2,  6,  0.0306,  0.0316,  0.0813, -0.0097, -0.0157,  0.0232,-14.00,   1.2
2019/02/28 13:08:17.000, -25.929391777, -65.878134897, 1689.9987,  2,  6,  0.0309,  0.0320,  0.0828, -0.0099, -0.0160,  0.0230,-13.00,   1.2
2019/02/28 13:08:18.000, -25.929391792, -65.878134904, 1689.9942,  2,  6,  0.0313,  0.0323,  0.0843, -0.0101, -0.0163,  0.0228,-12.00,   1.2
2019/02/28 13:08:19.000, -25.929391803, -65.878134905, 1689.9913,  2,  6,  0.0316,  0.0327,  0.0859, -0.0103, -0.0166,  0.0225,-11.00,   1.2
2019/02/28 13:08:20.000, -25.929391818, -65.878134909, 1689.9886,  2,  6,  0.0320,  0.0331,  0.0876, -0.0105, -0.0169,  0.0223,-10.00,   1.2
2019/02/28 13:08:21.000, -25.929391827, -65.878134915, 1689.9891,  2,  6,  0.0324,  0.0335,  0.0894, -0.0108, -0.0172,  0.0220, -9.00,   1.2
2019/02/28 13:08:22.000, -25.929391840, -65.878134907, 1689.9861,  2,  6,  0.0328,  0.0340,  0.0912, -0.0110, -0.0176,  0.0217, -8.00,   1.2
2019/02/28 13:08:23.000, -25.929391859, -65.878134912, 1689.9822,  2,  6,  0.0333,  0.0344,  0.0931, -0.0113, -0.0179,  0.0214, -7.00,   1.2
2019/02/28 13:08:24.000, -25.929391866, -65.878134913, 1689.9819,  2,  6,  0.0337,  0.0349,  0.0950, -0.0115, -0.0183,  0.0211, -6.00,   1.2
2019/02/28 13:08:25.000, -25.929391886, -65.878134906, 1689.9768,  2,  6,  0.0342,  0.0354,  0.0969, -0.0118, -0.0187,  0.0207, -5.00,   1.2
2019/02/28 13:08:26.000, -25.929391885, -65.878134904, 1689.9792,  2,  6,  0.0347,  0.0359,  0.0989, -0.0120, -0.0190,  0.0204, -4.00,   1.2
2019/02/28 13:08:27.000, -25.929391886, -65.878134904, 1689.9750,  2,  6,  0.0352,  0.0364,  0.1010, -0.0123, -0.0194,  0.0200, -3.00,   1.2
2019/02/28 13:08:28.000, -25.929391897, -65.878134898, 1689.9715,  2,  6,  0.0357,  0.0369,  0.1031, -0.0126, -0.0198,  0.0196, -2.00,   1.2
2019/02/28 13:08:29.000, -25.929391905, -65.878134898, 1689.9731,  2,  6,  0.0362,  0.0375,  0.1052, -0.0129, -0.0202,  0.0192, -1.00,   1.2
2019/02/28 13:08:30.000, -25.929391846, -65.878134897, 1689.9249,  2,  6,  0.0265,  0.0276,  0.0643, -0.0074, -0.0128,  0.0247,  0.00,   1.2
2019/02/28 13:08:31.000, -25.929391858, -65.878134878, 1689.9336,  2,  6,  0.0360,  0.0374,  0.1045, -0.0127, -0.0203,  0.0197,-29.00,   1.2
2019/02/28 13:08:32.000, -25.929391897, -65.878134860, 1689.9300,  2,  6,  0.0354,  0.0367,  0.1023, -0.0124, -0.0199,  0.0200,-28.00,   1.2
2019/02/28 13:08:33.000, -25.929391914, -65.878134836, 1689.9253,  2,  6,  0.0349,  0.0361,  0.1001, -0.0122, -0.0194,  0.0203,-27.00,   1.2
2019/02/28 13:08:34.000, -25.929391925, -65.878134812, 1689.9195,  2,  6,  0.0343,  0.0355,  0.0979, -0.0119, -0.0190,  0.0206,-26.00,   1.2
2019/02/28 13:08:35.000, -25.929391948, -65.878134798, 1689.9141,  2,  6,  0.0337,  0.0349,  0.0957, -0.0116, -0.0186,  0.0209,-25.00,   1.2
2019/02/28 13:08:36.000, -25.929391968, -65.878134795, 1689.9111,  2,  6,  0.0332,  0.0344,  0.0936, -0.0113, -0.0182,  0.0211,-24.00,   1.2
2019/02/28 13:08:37.000, -25.929391989, -65.878134770, 1689.9096,  2,  6,  0.0326,  0.0338,  0.0915, -0.0110, -0.0178,  0.0214,-23.00,   1.2
2019/02/28 13:08:38.000, -25.929392019, -65.878134752, 1689.9065,  2,  6,  0.0321,  0.0333,  0.0894, -0.0107, -0.0174,  0.0216,-22.00,   1.2
2019/02/28 13:08:39.000, -25.929392030, -65.878134716, 1689.9010,  2,  6,  0.0316,  0.0327,  0.0874, -0.0105, -0.0170,  0.0218,-21.00,   1.2
2019/02/28 13:08:40.000, -25.929392028, -65.878134719, 1689.9020,  2,  6,  0.0311,  0.0322,  0.0854, -0.0102, -0.0166,  0.0220,-20.00,   1.2
2019/02/28 13:08:41.000, -25.929392025, -65.878134726, 1689.8992,  2,  6,  0.0306,  0.0317,  0.0834, -0.0099, -0.0162,  0.0222,-19.00,   1.2
2019/02/28 13:08:42.000, -25.929392022, -65.878134737, 1689.8955,  2,  6,  0.0301,  0.0312,  0.0815, -0.0097, -0.0159,  0.0224,-18.00,   1.2
2019/02/28 13:08:43.000, -25.929392014, -65.878134743, 1689.8922,  2,  6,  0.0296,  0.0308,  0.0796, -0.0094, -0.0156,  0.0226,-17.00,   1.2
2019/02/28 13:08:44.000, -25.929392008, -65.878134749, 1689.8892,  2,  6,  0.0292,  0.0303,  0.0778, -0.0092, -0.0152,  0.0228,-16.00,   1.3
2019/02/28 13:08:45.000, -25.929392005, -65.878134751, 1689.8856,  2,  6,  0.0288,  0.0299,  0.0761, -0.0089, -0.0149,  0.0229,-15.00,   1.3
2019/02/28 13:08:46.000, -25.929392024, -65.878134748, 1689.8808,  2,  6,  0.0291,  0.0302,  0.0776, -0.0091, -0.0152,  0.0227,-14.00,   1.3
2019/02/28 13:08:47.000, -25.929392016, -65.878134743, 1689.8797,  2,  6,  0.0295,  0.0306,  0.0792, -0.0093, -0.0155,  0.0225,-13.00,   1.3
2019/02/28 13:08:48.000, -25.929392034, -65.878134729, 1689.8795,  2,  6,  0.0298,  0.0310,  0.0809, -0.0096, -0.0158,  0.0223,-12.00,   1.3
2019/02/28 13:08:49.000, -25.929392048, -65.878134729, 1689.8764,  2,  6,  0.0302,  0.0314,  0.0826, -0.0098, -0.0161,  0.0221,-11.00,   1.3
2019/02/28 13:08:50.000, -25.929392052, -65.878134706, 1689.8724,  2,  6,  0.0307,  0.0318,  0.0844, -0.0100, -0.0164,  0.0218,-10.00,   1.3
2019/02/28 13:08:51.000, -25.929392056, -65.878134696, 1689.8753,  2,  6,  0.0311,  0.0323,  0.0863, -0.0103, -0.0168,  0.0216, -9.00,   1.3
2019/02/28 13:08:52.000, -25.929392079, -65.878134693, 1689.8693,  2,  6,  0.0315,  0.0327,  0.0882, -0.0105, -0.0171,  0.0213, -8.00,   1.3
2019/02/28 13:08:53.000, -25.929392097, -65.878134668, 1689.8619,  2,  6,  0.0320,  0.0332,  0.0902, -0.0108, -0.0175,  0.0210, -7.00,   1.3
2019/02/28 13:08:54.000, -25.929392093, -65.878134656, 1689.8573,  2,  6,  0.0325,  0.0337,  0.0922, -0.0111, -0.0178,  0.0206, -6.00,   1.3
2019/02/28 13:08:55.000, -25.929392101, -65.878134622, 1689.8549,  2,  6,  0.0330,  0.0342,  0.0942, -0.0113, -0.0182,  0.0203, -5.00,   1.3
2019/02/28 13:08:56.000, -25.929392113, -65.878134626, 1689.8457,  2,  6,  0.0335,  0.0347,  0.0964, -0.0116, -0.0186,  0.0199, -4.00,   1.3
2019/02/28 13:08:57.000, -25.929392136, -65.878134605, 1689.8438,  2,  6,  0.0340,  0.0353,  0.0985, -0.0119, -0.0190,  0.0195, -3.00,   1.3
2019/02/28 13:08:58.000, -25.929392142, -65.878134589, 1689.8373,  2,  6,  0.0346,  0.0358,  0.1007, -0.0122, -0.0193,  0.0191, -2.00,   1.3
2019/02/28 13:08:59.000, -25.929392155, -65.878134574, 1689.8367,  2,  6,  0.0351,  0.0364,  0.1029, -0.0125, -0.0197,  0.0187, -1.00,   1.3
2019/02/28 13:09:00.000, -25.929392110, -65.878134567, 1689.7913,  2,  6,  0.0250,  0.0262,  0.0600, -0.0068, -0.0123,  0.0243,  0.00,   1.3
2019/02/28 13:09:01.000, -25.929392123, -65.878134560, 1689.7952,  2,  6,  0.0350,  0.0363,  0.1024, -0.0124, -0.0198,  0.0191,-29.00,   1.3
2019/02/28 13:09:02.000, -25.929392119, -65.878134555, 1689.7883,  2,  6,  0.0344,  0.0357,  0.1001, -0.0121, -0.0194,  0.0195,-28.00,   1.3
2019/02/28 13:09:03.000, -25.929392117, -65.878134531, 1689.7856,  2,  6,  0.0338,  0.0350,  0.0978, -0.0118, -0.0189,  0.0198,-27.00,   1.3
2019/02/28 13:09:04.000, -25.929392115, -65.878134525, 1689.7834,  2,  6,  0.0332,  0.0344,  0.0955, -0.0115, -0.0185,  0.0201,-26.00,   1.3
2019/02/28 13:09:05.000, -25.929392115, -65.878134513, 1689.7785,  2,  6,  0.0326,  0.0338,  0.0933, -0.0112, -0.0181,  0.0203,-25.00,   1.3
2019/02/28 13:09:06.000, -25.929392113, -65.878134500, 1689.7726,  2,  6,  0.0320,  0.0333,  0.0911, -0.0109, -0.0177,  0.0206,-24.00,   1.3
2019/02/28 13:09:07.000, -25.929392106, -65.878134509, 1689.7694,  2,  6,  0.0315,  0.0327,  0.0889, -0.0106, -0.0173,  0.0209,-23.00,   1.3
2019/02/28 13:09:08.000, -25.929392119, -65.878134502, 1689.7627,  2,  6,  0.0309,  0.0321,  0.0868, -0.0103, -0.0169,  0.0211,-22.00,   1.3
2019/02/28 13:09:09.000, -25.929392091, -65.878134484, 1689.7609,  2,  6,  0.0304,  0.0316,  0.0846, -0.0100, -0.0165,  0.0213,-21.00,   1.3
2019/02/28 13:09:10.000, -25.929392090, -65.878134482, 1689.7527,  2,  6,  0.0299,  0.0311,  0.0826, -0.0097, -0.0162,  0.0216,-20.00,   1.3
2019/02/28 13:09:11.000, -25.929392086, -65.878134462, 1689.7497,  2,  6,  0.0294,  0.0305,  0.0806, -0.0095, -0.0158,  0.0218,-19.00,   1.3
2019/02/28 13:09:12.000, -25.929392084, -65.878134463, 1689.7451,  2,  6,  0.0289,  0.0300,  0.0786, -0.0092, -0.0154,  0.0220,-18.00,   1.3
2019/02/28 13:09:13.000, -25.929392089, -65.878134465, 1689.7409,  2,  6,  0.0284,  0.0296,  0.0767, -0.0089, -0.0151,  0.0221,-17.00,   1.3
2019/02/28 13:09:14.000, -25.929392095, -65.878134458, 1689.7364,  2,  6,  0.0280,  0.0291,  0.0748, -0.0087, -0.0148,  0.0223,-16.00,   1.3
2019/02/28 13:09:15.000, -25.929392087, -65.878134467, 1689.7278,  2,  6,  0.0275,  0.0287,  0.0729, -0.0084, -0.0145,  0.0225,-15.00,   1.3
2019/02/28 13:09:16.000, -25.929392076, -65.878134444, 1689.7285,  2,  6,  0.0279,  0.0290,  0.0746, -0.0087, -0.0147,  0.0223,-14.00,   1.3
2019/02/28 13:09:17.000, -25.929392104, -65.878134443, 1689.7244,  2,  6,  0.0283,  0.0294,  0.0763, -0.0089, -0.0150,  0.0221,-13.00,   1.3
2019/02/28 13:09:18.000, -25.929392120, -65.878134449, 1689.7257,  2,  6,  0.0287,  0.0298,  0.0780, -0.0091, -0.0154,  0.0219,-12.00,   1.3
2019/02/28 13:09:19.000, -25.929392159, -65.878134440, 1689.7229,  2,  6,  0.0291,  0.0303,  0.0799, -0.0094, -0.0157,  0.0216,-11.00,   1.3
2019/02/28 13:09:20.000, -25.929392166, -65.878134427, 1689.7217,  2,  6,  0.0295,  0.0307,  0.0818, -0.0096, -0.0160,  0.0214,-10.00,   1.3
2019/02/28 13:09:21.000, -25.929392207, -65.878134413, 1689.7267,  2,  6,  0.0300,  0.0312,  0.0838, -0.0099, -0.0163,  0.0211, -9.00,   1.3
2019/02/28 13:09:22.000, -25.929392228, -65.878134389, 1689.7246,  2,  6,  0.0305,  0.0317,  0.0858, -0.0102, -0.0167,  0.0208, -8.00,   1.3
2019/02/28 13:09:23.000, -25.929392235, -65.878134382, 1689.7275,  2,  6,  0.0309,  0.0322,  0.0879, -0.0104, -0.0170,  0.0205, -7.00,   1.3
2019/02/28 13:09:24.000, -25.929392260, -65.878134363, 1689.7237,  2,  6,  0.0315,  0.0327,  0.0900, -0.0107, -0.0174,  0.0202, -6.00,   1.3
2019/02/28 13:09:25.000, -25.929392283, -65.878134341, 1689.7216,  2,  6,  0.0320,  0.0332,  0.0921, -0.0110, -0.0178,  0.0198, -5.00,   1.3
2019/02/28 13:09:26.000, -25.929392303, -65.878134341, 1689.7163,  2,  6,  0.0325,  0.0338,  0.0943, -0.0113, -0.0181,  0.0195, -4.00,   1.3
2019/02/28 13:09:27.000, -25.929392308, -65.878134332, 1689.7154,  2,  6,  0.0331,  0.0343,  0.0966, -0.0116, -0.0185,  0.0191, -3.00,   1.3
2019/02/28 13:09:28.000, -25.929392326, -65.878134326, 1689.7112,  2,  6,  0.0336,  0.0349,  0.0988, -0.0119, -0.0189,  0.0187, -2.00,   1.3
2019/02/28 13:09:29.000, -25.929392349, -65.878134307, 1689.7096,  2,  6,  0.0342,  0.0355,  0.1011, -0.0122, -0.0193,  0.0182, -1.00,   1.3
2019/02/28 13:09:30.000, -25.929392339, -65.878134298, 1689.6726,  2,  6,  0.0237,  0.0249,  0.0564, -0.0062, -0.0119,  0.0238,  0.00,   1.3
2019/02/28 13:09:31.000, -25.929392390, -65.878134304, 1689.6886,  2,  6,  0.0341,  0.0354,  0.1007, -0.0121, -0.0193,  0.0186,-29.00,   1.3
2019/02/28 13:09:32.000, -25.929392440, -65.878134288, 1689.6861,  2,  6,  0.0334,  0.0348,  0.0983, -0.0118, -0.0189,  0.0189,-28.00,   1.3
2019/02/28 13:09:33.000, -25.929392458, -65.878134281, 1689.6890,  2,  6,  0.0328,  0.0341,  0.0960, -0.0114, -0.0185,  0.0192,-27.00,   1.3
2019/02/28 13:09:34.000, -25.929392496, -65.878134265, 1689.6891,  2,  6,  0.0322,  0.0335,  0.0936, -0.0111, -0.0181,  0.0195,-26.00,   1.3
2019/02/28 13:09:35.000, -25.929392519, -65.878134260, 1689.6883,  2,  6,  0.0316,  0.0329,  0.0913, -0.0108, -0.0177,  0.0198,-25.00,   1.3
2019/02/28 13:09:36.000, -25.929392551, -65.878134260, 1689.6878,  2,  6,  0.0311,  0.0323,  0.0891, -0.0105, -0.0173,  0.0201,-24.00,   1.3
2019/02/28 13:09:37.000, -25.929392560, -65.878134230, 1689.6812,  2,  6,  0.0305,  0.0317,  0.0868, -0.0102, -0.0169,  0.0204,-23.00,   1.3
2019/02/28 13:09:38.000, -25.929392576, -65.878134221, 1689.6776,  2,  6,  0.0299,  0.0312,  0.0846, -0.0100, -0.0165,  0.0206,-22.00,   1.3
2019/02/28 13:09:39.000, -25.929392592, -65.878134224, 1689.6785,  2,  6,  0.0294,  0.0306,  0.0825, -0.0097, -0.0161,  0.0209,-21.00,   1.3
2019/02/28 13:09:40.000, -25.929392605, -65.878134204, 1689.6782,  2,  6,  0.0289,  0.0301,  0.0803, -0.0094, -0.0157,  0.0211,-20.00,   1.3
2019/02/28 13:09:41.000, -25.929392603, -65.878134193, 1689.6721,  2,  6,  0.0284,  0.0295,  0.0782, -0.0091, -0.0154,  0.0213,-19.00,   1.3
2019/02/28 13:09:42.000, -25.929392622, -65.878134185, 1689.6720,  2,  6,  0.0279,  0.0290,  0.0762, -0.0088, -0.0150,  0.0215,-18.00,   1.3
2019/02/28 13:09:43.000, -25.929392611, -65.878134190, 1689.6651,  2,  6,  0.0274,  0.0285,  0.0742, -0.0086, -0.0147,  0.0217,-17.00,   1.3
2019/02/28 13:09:44.000, -25.929392614, -65.878134161, 1689.6542,  2,  6,  0.0269,  0.0281,  0.0722, -0.0083, -0.0143,  0.0219,-16.00,   1.3
2019/02/28 13:09:45.000, -25.929392608, -65.878134154, 1689.6485,  2,  6,  0.0265,  0.0276,  0.0704, -0.0080, -0.0140,  0.0221,-15.00,   1.3
2019/02/28 13:09:46.000, -25.929392608, -65.878134153, 1689.6422,  2,  6,  0.0268,  0.0280,  0.0721, -0.0083, -0.0143,  0.0219,-14.00,   1.3
2019/02/28 13:09:47.000, -25.929392597, -65.878134136, 1689.6390,  2,  6,  0.0272,  0.0284,  0.0739, -0.0085, -0.0146,  0.0216,-13.00,   1.3
2019/02/28 13:09:48.000, -25.929392612, -65.878134131, 1689.6322,  2,  6,  0.0277,  0.0289,  0.0758, -0.0087, -0.0149,  0.0214,-12.00,   1.3
2019/02/28 13:09:49.000, -25.929392602, -65.878134118, 1689.6276,  2,  6,  0.0281,  0.0293,  0.0777, -0.0090, -0.0152,  0.0212,-11.00,   1.3
2019/02/28 13:09:50.000, -25.929392604, -65.878134106, 1689.6264,  2,  6,  0.0286,  0.0298,  0.0797, -0.0093, -0.0156,  0.0209,-10.00,   1.3
2019/02/28 13:09:51.000, -25.929392627, -65.878134099, 1689.6230,  2,  6,  0.0290,  0.0303,  0.0817, -0.0095, -0.0159,  0.0206, -9.00,   1.3
2019/02/28 13:09:52.000, -25.929392620, -65.878134065, 1689.6145,  2,  6,  0.0295,  0.0308,  0.0839, -0.0098, -0.0162,  0.0203, -8.00,   1.3
2019/02/28 13:09:53.000, -25.929392584, -65.878134059, 1689.6131,  2,  6,  0.0301,  0.0313,  0.0860, -0.0101, -0.0166,  0.0200, -7.00,   1.3
2019/02/28 13:09:54.000, -25.929392628, -65.878134031, 1689.6139,  2,  6,  0.0306,  0.0318,  0.0882, -0.0104, -0.0170,  0.0197, -6.00,   1.3
2019/02/28 13:09:55.000, -25.929392637, -65.878134019, 1689.6200,  2,  6,  0.0311,  0.0324,  0.0904, -0.0107, -0.0173,  0.0193, -5.00,   1.3
2019/02/28 13:09:56.000, -25.929392635, -65.878133988, 1689.6155,  2,  6,  0.0317,  0.0329,  0.0927, -0.0110, -0.0177,  0.0190, -4.00,   1.3
2019/02/28 13:09:57.000, -25.929392633, -65.878133958, 1689.6125,  2,  6,  0.0322,  0.0335,  0.0950, -0.0113, -0.0181,  0.0186, -3.00,   1.3
